title,soldprice,solddate,bids,link
Sony Alpha A7R II 42MP Mirrorless Digital Camera + extras ,810.0,Sold  28 Nov 2020,9 bids,https://www.ebay.co.uk/itm/Sony-Alpha-A7R-II-42MP-Mirrorless-Digital-Camera-extras/324387051703?hash=item4b86f998b7%3Ag%3A5tEAAOSwcLRfu8oS&LH_Auction=1
"Sony Alpha A7 III, FE 28-70mm 3.5-5.6, FE 28mm 2.8 & Accessories",1780.01,Sold  28 Nov 2020,3 bids,https://www.ebay.co.uk/itm/Sony-Alpha-A7-III-FE-28-70mm-3-5-5-6-FE-28mm-2-8-Accessories/154209912838?hash=item23e7a08806%3Ag%3AurwAAOSw9rJfusWt&LH_Auction=1
Sony Alpha A7S + 2 Lens( see pictures). Shuter count 4079,635.55,Sold  28 Nov 2020,7 bids,https://www.ebay.co.uk/itm/Sony-Alpha-A7S-2-Lens-see-pictures-Shuter-count-4079/274590126362?hash=item3feed8d11a%3Ag%3AyQ0AAOSwV3RfvsFE&LH_Auction=1
Sony Alpha A7Sii Digital Camera Package,950.0,Sold  28 Nov 2020,1 bid,https://www.ebay.co.uk/itm/Sony-Alpha-A7Sii-Digital-Camera-Package/264947223986?epid=12027869768&hash=item3db015cdb2%3Ag%3ApioAAOSwVFhft75k&LH_Auction=1
Sony Alpha A7 III 24.0MP Digital Camera (Body Only) - 3 battery Low SC Mint cond,1350.0,Sold  28 Nov 2020,15 bids,https://www.ebay.co.uk/itm/Sony-Alpha-A7-III-24-0MP-Digital-Camera-Body-Only-3-battery-Low-SC-Mint-cond/254782357826?epid=25031179622&hash=item3b52364142%3Ag%3Ak5UAAOSwOo5ftXk0&LH_Auction=1
Sony Alpha A7S 12.2MP Digital Camera - Black (Body Only),380.0,Sold  28 Nov 2020,22 bids,https://www.ebay.co.uk/itm/Sony-Alpha-A7S-12-2MP-Digital-Camera-Black-Body-Only/324383530777?epid=12027869768&hash=item4b86c3df19%3Ag%3AY1cAAOSwObdfuSI-&LH_Auction=1
Sony Alpha A7 24.3MP Digital Camera - (Kit w/ FE 28-70mm OSS Lens) *15 shots*,480.0,Sold  28 Nov 2020,4 bids,https://www.ebay.co.uk/itm/Sony-Alpha-A7-24-3MP-Digital-Camera-Kit-w-FE-28-70mm-OSS-Lens-15-shots/313312715036?epid=175240544&hash=item48f2e4a11c%3Ag%3AQosAAOSwIwpfuX6u&LH_Auction=1
Sony a7r ii body,787.0,Sold  28 Nov 2020,7 bids,https://www.ebay.co.uk/itm/Sony-a7r-ii-body/293841114483?hash=item446a4b9573%3Ag%3AbLwAAOSwB4ZftVwF&LH_Auction=1
Sony Alpha A7 24.3MP Digital Camera - Black (Body Only),330.0,Sold  28 Nov 2020,12 bids,https://www.ebay.co.uk/itm/Sony-Alpha-A7-24-3MP-Digital-Camera-Black-Body-Only/224243759230?hash=item3435f8387e%3Ag%3Au7oAAOSwgzVfuUNy&LH_Auction=1
Sony Alpha A7R III 42.4MP Digital Camera - Black (Body) - Only 511 Actuations!!,1574.0,Sold  28 Nov 2020,8 bids,https://www.ebay.co.uk/itm/Sony-Alpha-A7R-III-42-4MP-Digital-Camera-Black-Body-Only-511-Actuations/133583616921?epid=26027889595&hash=item1f1a343b99%3Ag%3AcyIAAOSwx8pfuRqP&LH_Auction=1
Sony Alpha A7 III 24.2 MP Digital Camera and 28-70 kit lens,1510.0,Sold  28 Nov 2020,29 bids,https://www.ebay.co.uk/itm/Sony-Alpha-A7-III-24-2-MP-Digital-Camera-and-28-70-kit-lens/114532660592?epid=4033519120&hash=item1aaaadb570%3Ag%3ApR0AAOSwkcFfuRFm&LH_Auction=1
Sony A7RIII camera and accessories in very good condition,2100.0,Sold  28 Nov 2020,1 bid,https://www.ebay.co.uk/itm/Sony-A7RIII-camera-and-accessories-in-very-good-condition/333805043239?hash=item4db854be27%3Ag%3Aer4AAOSwwz1fwXlX&LH_Auction=1
Sony Alpha A7 III 24.0MP Digital Camera (Body Only),1260.0,Sold  27 Nov 2020,21 bids,https://www.ebay.co.uk/itm/Sony-Alpha-A7-III-24-0MP-Digital-Camera-Body-Only/114535480392?epid=25031179622&hash=item1aaad8bc48%3Ag%3Az6cAAOSweNpfuuZV&LH_Auction=1
Sony A7 Full Frame Mirrorless Camera - Low Shutter Count ,651.0,Sold  27 Nov 2020,9 bids,https://www.ebay.co.uk/itm/Sony-A7-Full-Frame-Mirrorless-Camera-Low-Shutter-Count/114531337469?hash=item1aaa9984fd%3Ag%3AsugAAOSwt%7EZfuBHK&LH_Auction=1
Sony Alpha A7 III 24.2 MP Digital Camera - Black + VG-C3EM Vertical Grip,1500.0,Sold  27 Nov 2020,24 bids,https://www.ebay.co.uk/itm/Sony-Alpha-A7-III-24-2-MP-Digital-Camera-Black-VG-C3EM-Vertical-Grip/284094676014?epid=4033519120&hash=item42255cbc2e%3Ag%3ArgYAAOSwLYVfudPn&LH_Auction=1
Damaged - Sony Alpha A7R II - Mirrorless Camera Body Only,310.0,Sold  27 Nov 2020,27 bids,https://www.ebay.co.uk/itm/Damaged-Sony-Alpha-A7R-II-Mirrorless-Camera-Body-Only/363187824402?epid=1356630201&hash=item548fae6712%3Ag%3ASI0AAOSwFdNft6HM&LH_Auction=1
Sony Alpha A7 24.3MP Digital Camera - Black (Body Only),400.0,Sold  27 Nov 2020,1 bid,https://www.ebay.co.uk/itm/Sony-Alpha-A7-24-3MP-Digital-Camera-Black-Body-Only/254783880362?epid=17027888448&hash=item3b524d7caa%3Ag%3AlCwAAOSwPRFft4kX&LH_Auction=1
Sony Alpha A7 III 24.2MP Digital Camera - Black (Kit with 28-70 mm Zoom Lens),1320.0,Sold  26 Nov 2020,4 bids,https://www.ebay.co.uk/itm/Sony-Alpha-A7-III-24-2MP-Digital-Camera-Black-Kit-with-28-70-mm-Zoom-Lens/203182345396?hash=item2f4e9c8cb4%3Ag%3AebUAAOSwbYJfsYLS&LH_Auction=1
Sony A7 II -Mark II- Mirrorless Full Frame DSLR Camera Body -E Mount - with Grip,470.0,Sold  26 Nov 2020,24 bids,https://www.ebay.co.uk/itm/Sony-A7-II-Mark-II-Mirrorless-Full-Frame-DSLR-Camera-Body-E-Mount-with-Grip/303780144964?hash=item46bab52744%3Ag%3AKagAAOSwS3pfsumX&LH_Auction=1
Sony A7RIII Mirrorless Digital Camera 42.4MP - Boxed with Extras,1336.0,Sold  26 Nov 2020,15 bids,https://www.ebay.co.uk/itm/Sony-A7RIII-Mirrorless-Digital-Camera-42-4MP-Boxed-with-Extras/333791711542?hash=item4db7895136%3Ag%3A8UQAAOSwDPtfstNd&LH_Auction=1
"Sony Alpha A7 III 24.2 MP Digital Camera Body Faulty, Parts/ Spares/ Repair",620.0,Sold  26 Nov 2020,48 bids,https://www.ebay.co.uk/itm/Sony-Alpha-A7-III-24-2-MP-Digital-Camera-Body-Faulty-Parts-Spares-Repair/402559208813?epid=4033519120&hash=item5dba660d6d%3Ag%3AFnYAAOSw2OlfsqQH&LH_Auction=1
"Sony a7sii 4K Digital Camera BUNDLE with 28-70mm kit lens, Sony grip + batteries",1200.0,Sold  26 Nov 2020,4 bids,https://www.ebay.co.uk/itm/Sony-a7sii-4K-Digital-Camera-BUNDLE-with-28-70mm-kit-lens-Sony-grip-batteries/284090412980?hash=item42251bafb4%3Ag%3AXbQAAOSwEVhfuqCo&LH_Auction=1
Sony Alpha A7 Full Frame Camera 28-70mm kit lens and extras! Low shutter count,554.99,Sold  26 Nov 2020,28 bids,https://www.ebay.co.uk/itm/Sony-Alpha-A7-Full-Frame-Camera-28-70mm-kit-lens-and-extras-Low-shutter-count/114528621823?hash=item1aaa7014ff%3Ag%3AKG4AAOSwPHhftnMh&LH_Auction=1
Sony Alpha A7 24.3MP Digital Camera - Black (Body Only),271.64,Sold  26 Nov 2020,52 bids,https://www.ebay.co.uk/itm/Sony-Alpha-A7-24-3MP-Digital-Camera-Black-Body-Only/133581543570?epid=25027879603&hash=item1f1a149892%3Ag%3Aq9UAAOSwHBJfXcq5&LH_Auction=1
Sony Alpha A7 III 24.2 MP Digital Camera - Black + VG-C3EM Vertical Grip,1240.0,Sold  26 Nov 2020,10 bids,https://www.ebay.co.uk/itm/Sony-Alpha-A7-III-24-2-MP-Digital-Camera-Black-VG-C3EM-Vertical-Grip/284093116998?epid=4033519120&hash=item422544f246%3Ag%3ArgYAAOSwLYVfudPn&LH_Auction=1
Sony Alpha A7 24.3MP Digital Camera - Black (Body Only),315.0,Sold  25 Nov 2020,36 bids,https://www.ebay.co.uk/itm/Sony-Alpha-A7-24-3MP-Digital-Camera-Black-Body-Only/233780914985?epid=17027888448&hash=item366e6dab29%3Ag%3ADDsAAOSw-yNfr6HE&LH_Auction=1
Sony A7 II 24.3MP Camera Body Only.Used & in great condition 4008 Shutter Count,642.0,Sold  25 Nov 2020,21 bids,https://www.ebay.co.uk/itm/Sony-A7-II-24-3MP-Camera-Body-Only-Used-in-great-condition-4008-Shutter-Count/233781263276?epid=14027883825&hash=item366e72fbac%3Ag%3AK00AAOSwRkNfr%7E%7EE&LH_Auction=1
Sony Alpha A7R III 42.4MP Digital Camera - Black (Body Only) - Plus Extras,1500.0,Sold  25 Nov 2020,34 bids,https://www.ebay.co.uk/itm/Sony-Alpha-A7R-III-42-4MP-Digital-Camera-Black-Body-Only-Plus-Extras/143850341412?epid=26027889595&hash=item217e260424%3Ag%3AijkAAOSwKFhftUfP&LH_Auction=1
"Sony Alpha A7R  Mirrorless Camera Full Frame - E Mount - Only 10,441 Shots -WiFi",441.1,Sold  25 Nov 2020,42 bids,https://www.ebay.co.uk/itm/Sony-Alpha-A7R-Mirrorless-Camera-Full-Frame-E-Mount-Only-10-441-Shots-WiFi/393027443945?hash=item5b8242dce9%3Ag%3AzJkAAOSw5MFftm00&LH_Auction=1
Sony Alpha A7 III 24.2 MP Digital Camera - Black (Body Only),1201.0,Sold  25 Nov 2020,13 bids,https://www.ebay.co.uk/itm/Sony-Alpha-A7-III-24-2-MP-Digital-Camera-Black-Body-Only/114534867272?epid=4033519120&hash=item1aaacf6148%3Ag%3AO2UAAOSwPzVfntiC&LH_Auction=1
Sony Alpha A7 II 24.3MP Digital Camera - Black (Body Only),600.0,Sold  25 Nov 2020,26 bids,https://www.ebay.co.uk/itm/Sony-Alpha-A7-II-24-3MP-Digital-Camera-Black-Body-Only/284088981249?epid=14027883825&hash=item422505d701%3Ag%3As9UAAOSww3BfuMwt&LH_Auction=1
Sony Alpha A7 III 24.2 MP Digital Camera - Black + VG-C3EM Vertical Grip,1140.0,Sold  24 Nov 2020,8 bids,https://www.ebay.co.uk/itm/Sony-Alpha-A7-III-24-2-MP-Digital-Camera-Black-VG-C3EM-Vertical-Grip/284091824964?epid=4033519120&hash=item4225313b44%3Ag%3ArgYAAOSwLYVfudPn&LH_Auction=1
Sony Alpha A7S 12.2MP Digital Camera - Black (Body Only),425.0,Sold  24 Nov 2020,10 bids,https://www.ebay.co.uk/itm/Sony-Alpha-A7S-12-2MP-Digital-Camera-Black-Body-Only/143847522383?epid=12027869768&hash=item217dfb004f%3Ag%3ALnsAAOSwg1lfs-45&LH_Auction=1
Sony Alpha A7 24.3MP Digital Camera - with extras,415.13,Sold  24 Nov 2020,13 bids,https://www.ebay.co.uk/itm/Sony-Alpha-A7-24-3MP-Digital-Camera-with-extras/224243497193?epid=17027888448&hash=item3435f438e9%3Ag%3A8OIAAOSw0Ztfs%7EI-&LH_Auction=1
Sony Alpha A7 II + Sony Zeiss 55mm 1.8 lens,833.89,Sold  23 Nov 2020,36 bids,https://www.ebay.co.uk/itm/Sony-Alpha-A7-II-Sony-Zeiss-55mm-1-8-lens/133582956098?hash=item1f1a2a2642%3Ag%3ABIcAAOSwH-RfuByI&LH_Auction=1
SONY ALPHA A7 II 24.3MP DIGITAL CAMERA FE 50MM F1.8 LENS BUNDLE RRP OVER 1.5K,1000.0,Sold  23 Nov 2020,71 bids,https://www.ebay.co.uk/itm/SONY-ALPHA-A7-II-24-3MP-DIGITAL-CAMERA-FE-50MM-F1-8-LENS-BUNDLE-RRP-OVER-1-5K/254780318580?hash=item3b52172374%3Ag%3AZvQAAOSwUk5fstPS&LH_Auction=1
Sony Alpha A7R III 42.4MP Digital Camera - Black (Body Only),1400.0,Sold  23 Nov 2020,6 bids,https://www.ebay.co.uk/itm/Sony-Alpha-A7R-III-42-4MP-Digital-Camera-Black-Body-Only/133578458270?epid=26027889595&hash=item1f19e5849e%3Ag%3AkHMAAOSwyHhfstdN&LH_Auction=1
Sony Alpha A7S 12.2MP Digital Camera,393.0,Sold  23 Nov 2020,7 bids,https://www.ebay.co.uk/itm/Sony-Alpha-A7S-12-2MP-Digital-Camera/224237130501?epid=12027869768&hash=item3435931305%3Ag%3A2LUAAOSwPHhfoURw&LH_Auction=1
Sony a7S ii Body + Tilta Cage + Handle + 2 Batteries - ILCE7SM2 - 4K Full Frame,1394.0,Sold  23 Nov 2020,46 bids,https://www.ebay.co.uk/itm/Sony-a7S-ii-Body-Tilta-Cage-Handle-2-Batteries-ILCE7SM2-4K-Full-Frame/193762102661?hash=item2d1d1f0d85%3Ag%3AsWoAAOSwb5VfurFe&LH_Auction=1
Sony Alpha A7 24.3MP Digital Camera - Black (Body Only),123.21,Sold  23 Nov 2020,3 bids,https://www.ebay.co.uk/itm/Sony-Alpha-A7-24-3MP-Digital-Camera-Black-Body-Only/284083191804?epid=17027888448&hash=item4224ad7ffc%3Ag%3A858AAOSwnclfsqjx&LH_Auction=1
Sony Alpha A7 24.3MP Digital Camera Boxed + Grip,370.0,Sold  23 Nov 2020,15 bids,https://www.ebay.co.uk/itm/Sony-Alpha-A7-24-3MP-Digital-Camera-Boxed-Grip/284083179417?epid=17027888448&hash=item4224ad4f99%3Ag%3A%7EFcAAOSwVztfsqZ2&LH_Auction=1
Sony Alpha A7R Digital Camera Body,343.76,Sold  23 Nov 2020,26 bids,https://www.ebay.co.uk/itm/Sony-Alpha-A7R-Digital-Camera-Body/303770377157?hash=item46ba201bc5%3Ag%3A%7EngAAOSwxzxfspA6&LH_Auction=1
Sony Alpha A7 24.3MP Digital Camera - Black (Kit w/ FE 28-70mm OSS Lens),561.99,Sold  23 Nov 2020,16 bids,https://www.ebay.co.uk/itm/Sony-Alpha-A7-24-3MP-Digital-Camera-Black-Kit-w-FE-28-70mm-OSS-Lens/124442115027?epid=175240544&hash=item1cf953fbd3%3Ag%3AogUAAOSwUu5fsmrM&LH_Auction=1
Sony Alpha A7 III 24.2 MP Digital Camera - Black + VG-C3EM Vertical Grip,1160.0,Sold  23 Nov 2020,12 bids,https://www.ebay.co.uk/itm/Sony-Alpha-A7-III-24-2-MP-Digital-Camera-Black-VG-C3EM-Vertical-Grip/284089812237?epid=4033519120&hash=item422512850d%3Ag%3ArgYAAOSwLYVfudPn&LH_Auction=1
SONY A7 III Mirrorless Camera A7 3 24.2MP Full-Frame 4k *MINT* Only 187 Shots!,1350.0,Sold  22 Nov 2020,1 bid,https://www.ebay.co.uk/itm/SONY-A7-III-Mirrorless-Camera-A7-3-24-2MP-Full-Frame-4k-MINT-Only-187-Shots/313310698984?epid=4033519120&hash=item48f2c5dde8%3Ag%3AOkcAAOSwmQdfuX0F&LH_Auction=1
Sony Alpha A7 II 24.3MP Digital Camera No Reserve Price !! Bought New In 2019,571.0,Sold  22 Nov 2020,32 bids,https://www.ebay.co.uk/itm/Sony-Alpha-A7-II-24-3MP-Digital-Camera-No-Reserve-Price-Bought-New-In-2019/203182394625?epid=14027883825&hash=item2f4e9d4d01%3Ag%3AhHoAAOSw-rVfsUla&LH_Auction=1
Sony Alpha A7 II 24.3MP Digital Camera - Mirrorless - PLUS 5 Batteries & EXTRAS,620.0,Sold  22 Nov 2020,9 bids,https://www.ebay.co.uk/itm/Sony-Alpha-A7-II-24-3MP-Digital-Camera-Mirrorless-PLUS-5-Batteries-EXTRAS/154193872138?epid=14027883825&hash=item23e6abc50a%3Ag%3A4k4AAOSwmyNfr5e1&LH_Auction=1
Sony Alpha A7 III 24.0MP Digital Camera (Body Only),1271.0,Sold  22 Nov 2020,6 bids,https://www.ebay.co.uk/itm/Sony-Alpha-A7-III-24-0MP-Digital-Camera-Body-Only/114533258984?hash=item1aaab6d6e8%3Ag%3AoXEAAOSwA9xft8%7E%7E&LH_Auction=1
Sony Alpha A7RII MK 2 ILCE-7RM2 Digital Camera E Mount [Please Read Description],790.0,Sold  22 Nov 2020,19 bids,https://www.ebay.co.uk/itm/Sony-Alpha-A7RII-MK-2-ILCE-7RM2-Digital-Camera-E-Mount-Please-Read-Description/293834709507?epid=1356630201&hash=item4469e9da03%3Ag%3AmXUAAOSwxsNfpHS8&LH_Auction=1
Sony a7s Mark II Mirrorless Video Camera (Black) - ILCE-7SM2,412.0,Sold  22 Nov 2020,25 bids,https://www.ebay.co.uk/itm/Sony-a7s-Mark-II-Mirrorless-Video-Camera-Black-ILCE-7SM2/154199667455?hash=item23e70432ff%3Ag%3AN1MAAOSwLYBftB8v&LH_Auction=1
sony a7s,596.0,Sold  22 Nov 2020,16 bids,https://www.ebay.co.uk/itm/sony-a7s/233782784514?hash=item366e8a3202%3Ag%3AeCcAAOSwf4BfsYGT&LH_Auction=1
Sony Alpha A7S 12.2MP Digital Camera - Black (Body Only),510.0,Sold  22 Nov 2020,4 bids,https://www.ebay.co.uk/itm/Sony-Alpha-A7S-12-2MP-Digital-Camera-Black-Body-Only/303769128500?epid=12027869768&hash=item46ba0d0e34%3Ag%3A0wcAAOSwk4JfqEas&LH_Auction=1
Sony A7 Mirrorless 24.3 MP Full Frame Camera Body Only - Only 903 Shutter Count,406.0,Sold  22 Nov 2020,15 bids,https://www.ebay.co.uk/itm/Sony-A7-Mirrorless-24-3-MP-Full-Frame-Camera-Body-Only-Only-903-Shutter-Count/264939651234?hash=item3dafa240a2%3Ag%3AI8cAAOSwUk5fsX-v&LH_Auction=1
Sony Alpha A7R III 42.4MP - Black (Body Only) Immaculate - Many Extras,1700.0,Sold  22 Nov 2020,46 bids,https://www.ebay.co.uk/itm/Sony-Alpha-A7R-III-42-4MP-Black-Body-Only-Immaculate-Many-Extras/154191362798?epid=26027889595&hash=item23e6857aee%3Ag%3AISEAAOSwunJfrXZQ&LH_Auction=1
Sony A7 II -Mark II- Mirrorless Full Frame DSLR Camera Body -E Mount - with Grip,520.0,Sold  22 Nov 2020,35 bids,https://www.ebay.co.uk/itm/Sony-A7-II-Mark-II-Mirrorless-Full-Frame-DSLR-Camera-Body-E-Mount-with-Grip/303774621016?hash=item46ba60dd58%3Ag%3AKagAAOSwS3pfsumX&LH_Auction=1
Sony Alpha A7 III 24.0MP Digital Mirrorless Camera (Body Only),1399.01,Sold  22 Nov 2020,10 bids,https://www.ebay.co.uk/itm/Sony-Alpha-A7-III-24-0MP-Digital-Mirrorless-Camera-Body-Only/133577244647?epid=25031179622&hash=item1f19d2ffe7%3Ag%3AlPYAAOSwq1tfsVI7&LH_Auction=1
Sony Alpha A7 III 24.0MP Digital Camera (Body Only) With Extras,1120.0,Sold  22 Nov 2020,55 bids,https://www.ebay.co.uk/itm/Sony-Alpha-A7-III-24-0MP-Digital-Camera-Body-Only-With-Extras/133577240358?hash=item1f19d2ef26%3Ag%3AJ-AAAOSwku9fsVFd&LH_Auction=1
Sony Alpha A7 II 24.3MP Digital Camera - Black (Body Only),490.0,Sold  22 Nov 2020,25 bids,https://www.ebay.co.uk/itm/Sony-Alpha-A7-II-24-3MP-Digital-Camera-Black-Body-Only/353283833113?epid=14027883825&hash=item52415b7d19%3Ag%3A1uMAAOSwhlBfsnKm&LH_Auction=1
Sony Alpha A7 II 24.3MP Digital Camera - Black (Body Only) Mark 2 A72,475.0,Sold  21 Nov 2020,2 bids,https://www.ebay.co.uk/itm/Sony-Alpha-A7-II-24-3MP-Digital-Camera-Black-Body-Only-Mark-2-A72/193750804819?epid=14027883825&hash=item2d1c72a953%3Ag%3AX2wAAOSwuqNfsFBC&LH_Auction=1
Sony a7iii mirrorless digital camera 24 megapixels with lens A7 3,1560.0,Sold  21 Nov 2020,20 bids,https://www.ebay.co.uk/itm/Sony-a7iii-mirrorless-digital-camera-24-megapixels-with-lens-A7-3/124439951004?hash=item1cf932f69c%3Ag%3AAfcAAOSwO-JfsEdc&LH_Auction=1
SONY A7 Full Frame Mirrorless Camera Body + 3 Batteries,420.0,Sold  21 Nov 2020,13 bids,https://www.ebay.co.uk/itm/SONY-A7-Full-Frame-Mirrorless-Camera-Body-3-Batteries/333789189606?hash=item4db762d5e6%3Ag%3A-XsAAOSwDphfr-08&LH_Auction=1
Sony Alpha A7 III 24.2 MP Digital Camera - Black (Body Only),1340.0,Sold  21 Nov 2020,24 bids,https://www.ebay.co.uk/itm/Sony-Alpha-A7-III-24-2-MP-Digital-Camera-Black-Body-Only/293832406426?epid=4033519120&hash=item4469c6b59a%3Ag%3AYXMAAOSw4A1fr%7ETT&LH_Auction=1
Sony Alpha A7R III 42.4MP Digital Camera - Black (Body Only),1810.0,Sold  21 Nov 2020,37 bids,https://www.ebay.co.uk/itm/Sony-Alpha-A7R-III-42-4MP-Digital-Camera-Black-Body-Only/124439318605?epid=26027889595&hash=item1cf929504d%3Ag%3AzOcAAOSwOkRfr71J&LH_Auction=1
Sony Alpha A7S 12.2MP Digital Camera - Black (Body Only),403.0,Sold  21 Nov 2020,9 bids,https://www.ebay.co.uk/itm/Sony-Alpha-A7S-12-2MP-Digital-Camera-Black-Body-Only/233780981391?epid=12027869768&hash=item366e6eae8f%3Ag%3AhEYAAOSwl5hfr7vK&LH_Auction=1
Sony Alpha A7 III (Body Only) with Original Box Packaging,1250.0,Sold  20 Nov 2020,14 bids,https://www.ebay.co.uk/itm/Sony-Alpha-A7-III-Body-Only-with-Original-Box-Packaging/114520995014?epid=25031179622&hash=item1aa9fbb4c6%3Ag%3A%7Ep4AAOSwgzVfsYI4&LH_Auction=1
"Sony Alpha A7 Mark II Mirrorless Camera, 24.3 MP + FE 28-70mm F3.5-5.6 OSS Len ",803.0,Sold  20 Nov 2020,7 bids,https://www.ebay.co.uk/itm/Sony-Alpha-A7-Mark-II-Mirrorless-Camera-24-3-MP-FE-28-70mm-F3-5-5-6-OSS-Len/143840296833?hash=item217d8cbf81%3Ag%3AqikAAOSws5Zfibi3&LH_Auction=1
Sony Alpha A7S II Digital Camera - Black (Body Only) ( ILCE7SM2B) A7S2,925.79,Sold  20 Nov 2020,1 bid,https://www.ebay.co.uk/itm/Sony-Alpha-A7S-II-Digital-Camera-Black-Body-Only-ILCE7SM2B-A7S2/264942006453?epid=13027885784&hash=item3dafc630b5%3Ag%3Ahm0AAOSwAyBfeV5e&LH_Auction=1
Sony A7 24.3MP Digital Camera Kit w/ FE 28-70mm OSS Lens And Extras,492.0,Sold  20 Nov 2020,40 bids,https://www.ebay.co.uk/itm/Sony-A7-24-3MP-Digital-Camera-Kit-w-FE-28-70mm-OSS-Lens-And-Extras/124438077705?epid=175240544&hash=item1cf9166109%3Ag%3AY4UAAOSwgjFfrnzk&LH_Auction=1
Sony Alpha A7 24.3MP Digital Camera - Black (FE 28-70mm OSS Lens) With Box,520.0,Sold  20 Nov 2020,1 bid,https://www.ebay.co.uk/itm/Sony-Alpha-A7-24-3MP-Digital-Camera-Black-FE-28-70mm-OSS-Lens-With-Box/313307782253?epid=175240544&hash=item48f2995c6d%3Ag%3AKJoAAOSwpxNftuxr&LH_Auction=1
SONY A7 Frame Mirrorless Camera + 3 Batteries,333.33,Sold  20 Nov 2020,6 bids,https://www.ebay.co.uk/itm/SONY-A7-Frame-Mirrorless-Camera-3-Batteries/133575200837?hash=item1f19b3d045%3Ag%3AvDEAAOSwyCpfrl3w&LH_Auction=1
sony a7 iii 16-35mm 24mm 50mm,2110.0,Sold  19 Nov 2020,22 bids,https://www.ebay.co.uk/itm/sony-a7-iii-16-35mm-24mm-50mm/224232058774?hash=item343545af96%3Ag%3AadsAAOSwwVZfrYmN&LH_Auction=1
Sony a7r ii body,950.0,Sold  19 Nov 2020,31 bids,https://www.ebay.co.uk/itm/Sony-a7r-ii-body/324376705073?hash=item4b865bb831%3Ag%3AEFgAAOSwkUJfss3Z&LH_Auction=1
"Sony A7rii Body Only A7r II Mark 2 Only 750 pics+4 Batteries, 2 Chargers L Plate",900.0,Sold  19 Nov 2020,5 bids,https://www.ebay.co.uk/itm/Sony-A7rii-Body-Only-A7r-II-Mark-2-Only-750-pics-4-Batteries-2-Chargers-L-Plate/224231948351?hash=item343544003f%3Ag%3AUTAAAOSw5wRfrWxF&LH_Auction=1
Sony Alpha A7 III 24.0MP Digital Mirrorless Camera (Body Only),1320.0,Sold  18 Nov 2020,33 bids,https://www.ebay.co.uk/itm/Sony-Alpha-A7-III-24-0MP-Digital-Mirrorless-Camera-Body-Only/133573519868?epid=25031179622&hash=item1f199a29fc%3Ag%3A-JgAAOSwA%7EJfrAbR&LH_Auction=1
Sony A7 ILCE-7K 35mm Full-Frame E-mount Lens,485.0,Sold  17 Nov 2020,8 bids,https://www.ebay.co.uk/itm/Sony-A7-ILCE-7K-35mm-Full-Frame-E-mount-Lens/313300561017?hash=item48f22b2c79%3Ag%3AlmwAAOSw27xfsBmF&LH_Auction=1
Pristine Sony Alpha A7 II Camera + 28-70mm  Lens - Shutter count less that 1000,701.0,Sold  17 Nov 2020,1 bid,https://www.ebay.co.uk/itm/Pristine-Sony-Alpha-A7-II-Camera-28-70mm-Lens-Shutter-count-less-that-1000/254781200870?hash=item3b522499e6%3Ag%3APCwAAOSwf8Nfs%7E%7E7&LH_Auction=1
"Sony A7S Mark II 2 - Body, boxed with 6 batteries",1000.0,Sold  17 Nov 2020,4 bids,https://www.ebay.co.uk/itm/Sony-A7S-Mark-II-2-Body-boxed-with-6-batteries/284082851625?hash=item4224a84f29%3Ag%3ArYEAAOSwnrNfskuQ&LH_Auction=1
sony a7s ii,770.0,Sold  16 Nov 2020,11 bids,https://www.ebay.co.uk/itm/sony-a7s-ii/184528390023?hash=item2af6bfc787%3Ag%3AGDEAAOSw6qdfqUI3&LH_Auction=1
"sony alpha a7s ii digital camera, with tilta cage, hand grip, 2x batteries, box",1260.0,Sold  15 Nov 2020,39 bids,https://www.ebay.co.uk/itm/sony-alpha-a7s-ii-digital-camera-with-tilta-cage-hand-grip-2x-batteries-box/184514356181?hash=item2af5e9a3d5%3Ag%3AGGoAAOSwlWdfgwd9&LH_Auction=1
Sony Alpha A7 II 24.3MP Digital Camera - battery grip and many extras. Low SC,550.0,Sold  15 Nov 2020,20 bids,https://www.ebay.co.uk/itm/Sony-Alpha-A7-II-24-3MP-Digital-Camera-battery-grip-and-many-extras-Low-SC/174516140415?epid=14027883825&hash=item28a1f8f97f%3Ag%3A2pYAAOSwS15fpvVp&LH_Auction=1
Sony A7 Kit + Extra's **178 Shutter Count / Excellent Condition**,645.0,Sold  15 Nov 2020,11 bids,https://www.ebay.co.uk/itm/Sony-A7-Kit-Extras-178-Shutter-Count-Excellent-Condition/353268916087?hash=item524077df77%3Ag%3AMxwAAOSwIEJfjZ0n&LH_Auction=1
Sony Alpha A7S 12.2MP Digital Camera - Black (Body Only),609.0,Sold  15 Nov 2020,5 bids,https://www.ebay.co.uk/itm/Sony-Alpha-A7S-12-2MP-Digital-Camera-Black-Body-Only/303758928076?epid=12027869768&hash=item46b97168cc%3Ag%3A0wcAAOSwk4JfqEas&LH_Auction=1
Sony A7sii A7s2 A7sII Digital Mirrorless Camera Body -EXTRAS & LOW SHUTTER COUNT,1040.0,Sold  15 Nov 2020,2 bids,https://www.ebay.co.uk/itm/Sony-A7sii-A7s2-A7sII-Digital-Mirrorless-Camera-Body-EXTRAS-LOW-SHUTTER-COUNT/124429277058?hash=item1cf8901782%3Ag%3AM4kAAOSwaQdfps-9&LH_Auction=1
Sony Alpha A7 III 24.0MP Digital Camera (Body Only) WITH EXTRAS,1410.0,Sold  15 Nov 2020,11 bids,https://www.ebay.co.uk/itm/Sony-Alpha-A7-III-24-0MP-Digital-Camera-Body-Only-WITH-EXTRAS/274566878256?epid=25031179622&hash=item3fed761430%3Ag%3AVXAAAOSwKDNfkYOR&LH_Auction=1
Sony a7s II Mirrorless Digital Camera (Black),671.0,Sold  15 Nov 2020,34 bids,https://www.ebay.co.uk/itm/Sony-a7s-II-Mirrorless-Digital-Camera-Black/164503633944?hash=item264d2e4018%3Ag%3A6x0AAOSwVjdfqtmS&LH_Auction=1
Sony A7RII,800.0,Sold  15 Nov 2020,8 bids,https://www.ebay.co.uk/itm/Sony-A7RII/164508642194?hash=item264d7aab92%3Ag%3AWlsAAOSwEOhfrXlM&LH_Auction=1
Sony Alpha A7 24.3MP Digital Camera - Black (Body Only) with samyang lens ,423.0,Sold  15 Nov 2020,1 bid,https://www.ebay.co.uk/itm/Sony-Alpha-A7-24-3MP-Digital-Camera-Black-Body-Only-with-samyang-lens/284073032291?hash=item4224127a63%3Ag%3AWRgAAOSw2SVfjtCw&LH_Auction=1
"Sony A7 24.3MP Camera (Body Only) Used & in great condition, 3182 shutter count",368.9,Sold  15 Nov 2020,10 bids,https://www.ebay.co.uk/itm/Sony-A7-24-3MP-Camera-Body-Only-Used-in-great-condition-3182-shutter-count/233775512369?hash=item366e1b3b31%3Ag%3AKwMAAOSwWSxfqc-P&LH_Auction=1
Sony Alpha A7S Full Frame Digital Camera - Black (Body + Vertical Grip),600.0,Sold  14 Nov 2020,1 bid,https://www.ebay.co.uk/itm/Sony-Alpha-A7S-Full-Frame-Digital-Camera-Black-Body-Vertical-Grip/264935510045?hash=item3daf63101d%3Ag%3A2WkAAOSw7P9frU3l&LH_Auction=1
"Sony Alpha A7 24.3MP Digital Camera - Black, (Body, battery, strap and Bag only)",400.0,Sold  14 Nov 2020,1 bid,https://www.ebay.co.uk/itm/Sony-Alpha-A7-24-3MP-Digital-Camera-Black-Body-battery-strap-and-Bag-only/184534579400?epid=17027888448&hash=item2af71e38c8%3Ag%3A96QAAOSw31JfrsTU&LH_Auction=1
Sony Alpha A7 II 24.3MP Digital Camera with grip and 4 batteries,700.0,Sold  13 Nov 2020,1 bid,https://www.ebay.co.uk/itm/Sony-Alpha-A7-II-24-3MP-Digital-Camera-with-grip-and-4-batteries/324372838897?epid=14027883825&hash=item4b8620b9f1%3Ag%3ANVMAAOSwLAtfrnsA&LH_Auction=1
Sony Alpha A7II | 24.3MP | Body Only | Boxed + Accessories | Shutter Count 2137,641.0,Sold  13 Nov 2020,3 bids,https://www.ebay.co.uk/itm/Sony-Alpha-A7II-24-3MP-Body-Only-Boxed-Accessories-Shutter-Count-2137/133571672500?hash=item1f197df9b4%3Ag%3AKtAAAOSwP-JfqUYp&LH_Auction=1
"Sony A7 Body, 4x Batteries, Charger, Strap - Used",325.0,Sold  13 Nov 2020,1 bid,https://www.ebay.co.uk/itm/Sony-A7-Body-4x-Batteries-Charger-Strap-Used/184523873221?hash=item2af67adbc5%3Ag%3ANyIAAOSwiLVfpVZr&LH_Auction=1
Sony a7 Full Frame Mirrorless Camera ,380.0,Sold  13 Nov 2020,11 bids,https://www.ebay.co.uk/itm/Sony-a7-Full-Frame-Mirrorless-Camera/203169737095?hash=item2f4ddc2987%3Ag%3ANwEAAOSwnclfpUSy&LH_Auction=1
Sony Alpha A7S 12.2MP Digital Camera - Black (Body Only),550.0,Sold  13 Nov 2020,1 bid,https://www.ebay.co.uk/itm/Sony-Alpha-A7S-12-2MP-Digital-Camera-Black-Body-Only/293817319543?epid=12027869768&hash=item4468e08077%3Ag%3AnakAAOSw0ltfgJs9&LH_Auction=1
Sony A7sII - Body Only | Movcam Cage | Dummy Battery w DTap | Excellent Cond,1020.0,Sold  13 Nov 2020,4 bids,https://www.ebay.co.uk/itm/Sony-A7sII-Body-Only-Movcam-Cage-Dummy-Battery-w-DTap-Excellent-Cond/154180359596?hash=item23e5dd95ac%3Ag%3Axy4AAOSwkYpfpRRA&LH_Auction=1
"Sony A7rii, Canon FD 50 F1.4, Canon FD 28mm f2.8, Canon 28-105, Vivitar 19-35",1050.0,Sold  12 Nov 2020,1 bid,https://www.ebay.co.uk/itm/Sony-A7rii-Canon-FD-50-F1-4-Canon-FD-28mm-f2-8-Canon-28-105-Vivitar-19-35/154174375074?hash=item23e58244a2%3Ag%3A-BIAAOSwD9VfpTFM&LH_Auction=1
Sony Alpha A7ii - Full Frame 24 MP- Boxed & virtually Mint - Shutter Count 1137,720.0,Sold  12 Nov 2020,40 bids,https://www.ebay.co.uk/itm/Sony-Alpha-A7ii-Full-Frame-24-MP-Boxed-virtually-Mint-Shutter-Count-1137/154182908264?hash=item23e6047968%3Ag%3AuQ8AAOSwP99feMUq&LH_Auction=1
Sony Alpha A7 II 24.3MP Digital Camera - battery grip and many extras. Low SC,695.0,Sold  12 Nov 2020,22 bids,https://www.ebay.co.uk/itm/Sony-Alpha-A7-II-24-3MP-Digital-Camera-battery-grip-and-many-extras-Low-SC/174509475502?epid=14027883825&hash=item28a19346ae%3Ag%3A2pYAAOSwS15fpvVp&LH_Auction=1
"Sony a7s ii Full Frame Bundle w/Battery Grip, Original Box, Batteries And More",851.82,Sold  12 Nov 2020,46 bids,https://www.ebay.co.uk/itm/Sony-a7s-ii-Full-Frame-Bundle-w-Battery-Grip-Original-Box-Batteries-And-More/303754770926?hash=item46b931f9ee%3Ag%3AfUYAAOSwSqJfpCyx&LH_Auction=1
Damaged - Sony Alpha A7R Mark II Digital Camera - Body Only,410.0,Sold  12 Nov 2020,24 bids,https://www.ebay.co.uk/itm/Damaged-Sony-Alpha-A7R-Mark-II-Digital-Camera-Body-Only/363167497365?epid=1356630201&hash=item548e783c95%3Ag%3AOUwAAOSwwdRfo%7ErA&LH_Auction=1
Sony Alpha A7 III 24.2 MP (Body Only) Shutter Count 4313 with Smallrig Cage,1320.0,Sold  11 Nov 2020,30 bids,https://www.ebay.co.uk/itm/Sony-Alpha-A7-III-24-2-MP-Body-Only-Shutter-Count-4313-with-Smallrig-Cage/224224112941?epid=4033519120&hash=item3434cc712d%3Ag%3AUcIAAOSwTMhfpVhX&LH_Auction=1
Sony Alpha A7S 12.2MP Digital Camera - Black (Body Only) ,433.0,Sold  10 Nov 2020,7 bids,https://www.ebay.co.uk/itm/Sony-Alpha-A7S-12-2MP-Digital-Camera-Black-Body-Only/133564999764?epid=12027869768&hash=item1f19182854%3Ag%3A%7EyAAAOSwDiZfmpdS&LH_Auction=1
Sony Alpha A7R II Mirrorless Body,830.0,Sold  9 Nov 2020,10 bids,https://www.ebay.co.uk/itm/Sony-Alpha-A7R-II-Mirrorless-Body/184516988542?hash=item2af611ce7e%3Ag%3AzHUAAOSwH3FfkxXP&LH_Auction=1
MINT Sony Alpha A7R II 42MP Mirrorless Digital Camera,996.67,Sold  9 Nov 2020,7 bids,https://www.ebay.co.uk/itm/MINT-Sony-Alpha-A7R-II-42MP-Mirrorless-Digital-Camera/164486988835?epid=1356630201&hash=item264c304423%3Ag%3AL8oAAOSwX-BfoGmk&LH_Auction=1
Sony Alpha A7 III 24.2 MP Full Frame 35mm Digital Camera - Black (Body Only),1321.0,Sold  9 Nov 2020,27 bids,https://www.ebay.co.uk/itm/Sony-Alpha-A7-III-24-2-MP-Full-Frame-35mm-Digital-Camera-Black-Body-Only/274558690966?hash=item3fecf92696%3Ag%3Aa-oAAOSwunJfoF1x&LH_Auction=1
Sony Alpha A7S 12.2MP Digital Mirrorless Camera (Body Only) Excellent Condition,550.0,Sold  9 Nov 2020,3 bids,https://www.ebay.co.uk/itm/Sony-Alpha-A7S-12-2MP-Digital-Mirrorless-Camera-Body-Only-Excellent-Condition/254766821293?hash=item3b51492fad%3Ag%3AesMAAOSw3VpfoFSJ&LH_Auction=1
Sony Alpha A7R II Digital Camera Body + 6 Batteries,599.0,Sold  9 Nov 2020,1 bid,https://www.ebay.co.uk/itm/Sony-Alpha-A7R-II-Digital-Camera-Body-6-Batteries/333774901606?hash=item4db688d166%3Ag%3AIeAAAOSw7TNfoByy&LH_Auction=1
Sony A7R III 42.4MP Digital Camera - Sony 4 Way Charger - ONLY 700 Shutter Cojnt,1700.0,Sold  9 Nov 2020,8 bids,https://www.ebay.co.uk/itm/Sony-A7R-III-42-4MP-Digital-Camera-Sony-4-Way-Charger-ONLY-700-Shutter-Cojnt/114490595335?epid=26027889595&hash=item1aa82bd807%3Ag%3AifkAAOSw0jJfnBEH&LH_Auction=1
sony a7r iii camera fe24-70mm f2.8 128gb lens memory card,2255.0,Sold  8 Nov 2020,27 bids,https://www.ebay.co.uk/itm/sony-a7r-iii-camera-fe24-70mm-f2-8-128gb-lens-memory-card/293810431041?hash=item4468776441%3Ag%3AlpgAAOSwUm5fk5nj&LH_Auction=1
SONY Alpha a7R III Mirrorless Digital Camera Body Only - a7R3,1650.0,Sold  8 Nov 2020,39 bids,https://www.ebay.co.uk/itm/SONY-Alpha-a7R-III-Mirrorless-Digital-Camera-Body-Only-a7R3/164485334772?epid=4032160160&hash=item264c1706f4%3Ag%3ADaoAAOSwXkRfnyXm&LH_Auction=1
Sony Alpha A7ii Camera Mint Condition With Ef Mount Converter 2 Extra Batteries,700.0,Sold  8 Nov 2020,33 bids,https://www.ebay.co.uk/itm/Sony-Alpha-A7ii-Camera-Mint-Condition-With-Ef-Mount-Converter-2-Extra-Batteries/254765956950?hash=item3b513bff56%3Ag%3AR4QAAOSwqb1flcpj&LH_Auction=1
Sony Alpha A7 II 24.3MP Digital Camera Body & Extras - Shutter Count 1030 ,650.0,Sold  8 Nov 2020,1 bid,https://www.ebay.co.uk/itm/Sony-Alpha-A7-II-24-3MP-Digital-Camera-Body-Extras-Shutter-Count-1030/274556911921?hash=item3fecde0131%3Ag%3AcOUAAOSw7Q1fnpoU&LH_Auction=1
Sony A7r ii ,931.0,Sold  8 Nov 2020,6 bids,https://www.ebay.co.uk/itm/Sony-A7r-ii/224217940770?hash=item34346e4322%3Ag%3AUPwAAOSwSYVfnxVF&LH_Auction=1
Sony Alpha A7R III 42.4MP Digital Camera - Black (Body Only),1340.0,Sold  8 Nov 2020,25 bids,https://www.ebay.co.uk/itm/Sony-Alpha-A7R-III-42-4MP-Digital-Camera-Black-Body-Only/184516647545?epid=26027889595&hash=item2af60c9a79%3Ag%3ASdIAAOSwqtJfnwsj&LH_Auction=1
Sony Camera SONY Alpha a7 III Mirrorless Digital Camera with 28-70mm Lens,1551.0,Sold  8 Nov 2020,22 bids,https://www.ebay.co.uk/itm/Sony-Camera-SONY-Alpha-a7-III-Mirrorless-Digital-Camera-with-28-70mm-Lens/284064523880?hash=item422390a668%3Ag%3AjvIAAOSwE0NfnwcZ&LH_Auction=1
Sony Alpha A7R III 42.4MP Digital Camera (Body Only). 2 EXTRA BATTERIES,1653.0,Sold  8 Nov 2020,49 bids,https://www.ebay.co.uk/itm/Sony-Alpha-A7R-III-42-4MP-Digital-Camera-Body-Only-2-EXTRA-BATTERIES/124416498523?epid=26027889595&hash=item1cf7cd1b5b%3Ag%3AjTgAAOSwQSBfgZc6&LH_Auction=1
sony a7 full frame with genuine sony battery grip,425.0,Sold  8 Nov 2020,1 bid,https://www.ebay.co.uk/itm/sony-a7-full-frame-with-genuine-sony-battery-grip/284064444181?hash=item42238f6f15%3Ag%3Ad5QAAOSwsOBflWBb&LH_Auction=1
"Sony Alpha A7R  Mirrorless  Camera -Full Frame + 1080p + WiFi +Only 12,503 Shots",430.0,Sold  8 Nov 2020,40 bids,https://www.ebay.co.uk/itm/Sony-Alpha-A7R-Mirrorless-Camera-Full-Frame-1080p-WiFi-Only-12-503-Shots/274562692607?hash=item3fed3635ff%3Ag%3AyGQAAOSwy8VfouBU&LH_Auction=1
Sony A7 III mk3 - Exc cond - Body Only - Low shutter count!,1267.0,Sold  8 Nov 2020,8 bids,https://www.ebay.co.uk/itm/Sony-A7-III-mk3-Exc-cond-Body-Only-Low-shutter-count/114493669992?hash=item1aa85ac268%3Ag%3AwdcAAOSweNBfnpgw&LH_Auction=1
"Sony A7 Mirrorless Camera With 50mm Lens, Extra Battery, Tripod & More!",510.0,Sold  8 Nov 2020,6 bids,https://www.ebay.co.uk/itm/Sony-A7-Mirrorless-Camera-With-50mm-Lens-Extra-Battery-Tripod-More/363158663036?hash=item548df16f7c%3Ag%3Ai%7EAAAOSwPMpfmW0b&LH_Auction=1
Sony Alpha A7 III (A7III) 24.2MP Full Frame Mirrorless Digital Camera Body Only,1290.0,Sold  7 Nov 2020,27 bids,https://www.ebay.co.uk/itm/Sony-Alpha-A7-III-A7III-24-2MP-Full-Frame-Mirrorless-Digital-Camera-Body-Only/254765550450?hash=item3b5135cb72%3Ag%3AausAAOSwg1lfnsqs&LH_Auction=1
Sony Alpha A7 III 24.2 MP Full Frame 35mm Digital Camera,1220.0,Sold  7 Nov 2020,9 bids,https://www.ebay.co.uk/itm/Sony-Alpha-A7-III-24-2-MP-Full-Frame-35mm-Digital-Camera/373312979195?hash=item56eb3000fb%3Ag%3AcUcAAOSwCFFfnv1Q&LH_Auction=1
"Sony Alpha 7 II / A7ii Camera with 28-70mm  Lens, 64GB SD Card & 2 Batteries",700.0,Sold  7 Nov 2020,3 bids,https://www.ebay.co.uk/itm/Sony-Alpha-7-II-A7ii-Camera-with-28-70mm-Lens-64GB-SD-Card-2-Batteries/293811376411?epid=26026965466&hash=item446885d11b%3Ag%3AU1AAAOSwK1xflHo4&LH_Auction=1
Sony Alpha A7 II 24.3MP Digital Camera - Black (Body Only),525.0,Sold  7 Nov 2020,4 bids,https://www.ebay.co.uk/itm/Sony-Alpha-A7-II-24-3MP-Digital-Camera-Black-Body-Only/224216375481?epid=14027883825&hash=item34345660b9%3Ag%3AYhkAAOSw%7EHpfnXmg&LH_Auction=1
Sony Alpha A7 Mark II 24.3 MP Digital Camera (Kit with 28-70mm f/3.5-5.6 FE...,640.0,Sold  7 Nov 2020,13 bids,https://www.ebay.co.uk/itm/Sony-Alpha-A7-Mark-II-24-3-MP-Digital-Camera-Kit-with-28-70mm-f-3-5-5-6-FE/143815627481?hash=item217c1452d9%3Ag%3AoJsAAOSwmFJfnVD4&LH_Auction=1
MINT Sony Alpha A7R II 42MP Mirrorless Digital Camera + extras ONLY 103 SHOTS!,1160.0,Sold  6 Nov 2020,39 bids,https://www.ebay.co.uk/itm/MINT-Sony-Alpha-A7R-II-42MP-Mirrorless-Digital-Camera-extras-ONLY-103-SHOTS/193726361938?epid=1356630201&hash=item2d1afdb152%3Ag%3AoyUAAOSwy79fmDJb&LH_Auction=1
Sony Alpha A7 24.3MP Mirrorless DLSR Camera -  Plus Extras - not a7iii a7riii,530.0,Sold  6 Nov 2020,6 bids,https://www.ebay.co.uk/itm/Sony-Alpha-A7-24-3MP-Mirrorless-DLSR-Camera-Plus-Extras-not-a7iii-a7riii/164479233085?hash=item264bb9ec3d%3Ag%3AdIoAAOSwZn1fkW8D&LH_Auction=1
Sony Alpha A7 III 24.2 MP - Black (Body Only) (Excellent) Low Shutter Count,1295.0,Sold  6 Nov 2020,10 bids,https://www.ebay.co.uk/itm/Sony-Alpha-A7-III-24-2-MP-Black-Body-Only-Excellent-Low-Shutter-Count/193730682730?hash=item2d1b3f9f6a%3Ag%3AwLAAAOSwV0VfnBFr&LH_Auction=1
Sony A7Sii / A7S2 digital camera. Great condition. Super low shutter count,1020.0,Sold  6 Nov 2020,10 bids,https://www.ebay.co.uk/itm/Sony-A7Sii-A7S2-digital-camera-Great-condition-Super-low-shutter-count/124416159174?hash=item1cf7c7edc6%3Ag%3Aq9sAAOSwsgtfnEAH&LH_Auction=1
Sony Alpha A7 II 24.3MP Digital Camera Body  WORKS TAKES PICS READ FAULTY  /520,311.51,Sold  6 Nov 2020,23 bids,https://www.ebay.co.uk/itm/Sony-Alpha-A7-II-24-3MP-Digital-Camera-Body-WORKS-TAKES-PICS-READ-FAULTY-520/143814000340?epid=14027883825&hash=item217bfb7ed4%3Ag%3AVhQAAOSwnrNfnAeC&LH_Auction=1
Barely used Sony Alpha A7 III Camera and accessories (Body Only),1330.0,Sold  6 Nov 2020,11 bids,https://www.ebay.co.uk/itm/Barely-used-Sony-Alpha-A7-III-Camera-and-accessories-Body-Only/174499177385?epid=4033519120&hash=item28a0f623a9%3Ag%3A%7ESIAAOSwggRfnAa5&LH_Auction=1
Sony A7rii - Body + Accessories,870.0,Sold  5 Nov 2020,12 bids,https://www.ebay.co.uk/itm/Sony-A7rii-Body-Accessories/353255950701?hash=item523fb2096d%3Ag%3AyEgAAOSwRZtfizl1&LH_Auction=1
Sony Alpha A7 II 24.3MP Digital Camera - Black (Body Only And Charger Only),485.0,Sold  5 Nov 2020,1 bid,https://www.ebay.co.uk/itm/Sony-Alpha-A7-II-24-3MP-Digital-Camera-Black-Body-Only-And-Charger-Only/143824884723?epid=14027883825&hash=item217ca193f3%3Ag%3A7IUAAOSwwoRfo%7ErW&LH_Auction=1
Sony Alpha A7ii A7 ii Camera With Zeiss 24-70mm f4 Lens,840.0,Sold  5 Nov 2020,9 bids,https://www.ebay.co.uk/itm/Sony-Alpha-A7ii-A7-ii-Camera-With-Zeiss-24-70mm-f4-Lens/224221139028?hash=item34349f1054%3Ag%3Az8YAAOSwtDNfolhm&LH_Auction=1
Sony Alpha A7 III 24.2 MP Digital Camera - Black (Body Only),1105.0,Sold  4 Nov 2020,16 bids,https://www.ebay.co.uk/itm/Sony-Alpha-A7-III-24-2-MP-Digital-Camera-Black-Body-Only/114494106893?epid=4033519120&hash=item1aa8616d0d%3Ag%3AO2UAAOSwPzVfntiC&LH_Auction=1
Sony ILCE7RM3/B Alpha A7R III 24.2MP Mirrorless Digital Camera Body Only,1340.0,Sold  4 Nov 2020,15 bids,https://www.ebay.co.uk/itm/Sony-ILCE7RM3-B-Alpha-A7R-III-24-2MP-Mirrorless-Digital-Camera-Body-Only/203156816605?epid=4032160160&hash=item2f4d1702dd%3Ag%3Av8IAAOSwP4NfmWP5&LH_Auction=1
Sony Alpha A7S 12.2MP Digital Camera - Black (Body Only) 15'651 actuations ,526.0,Sold  4 Nov 2020,16 bids,https://www.ebay.co.uk/itm/Sony-Alpha-A7S-12-2MP-Digital-Camera-Black-Body-Only-15651-actuations/333768711962?epid=12027869768&hash=item4db62a5f1a%3Ag%3Aw5AAAOSwHglfdbDF&LH_Auction=1
Sony Alpha A7 24.3MP Digital Camera - Black (Body Only),320.0,Sold  4 Nov 2020,6 bids,https://www.ebay.co.uk/itm/Sony-Alpha-A7-24-3MP-Digital-Camera-Black-Body-Only/164484328925?epid=17027888448&hash=item264c07addd%3Ag%3AmnAAAOSwDwNfnnlo&LH_Auction=1
Sony Alpha A7 III 24.2 MP Digital Camera - Black (Body Only) (Excellent),1150.0,Sold  3 Nov 2020,46 bids,https://www.ebay.co.uk/itm/Sony-Alpha-A7-III-24-2-MP-Digital-Camera-Black-Body-Only-Excellent/233759932507?hash=item366d2d805b%3Ag%3AhCMAAOSwhL1fmIq6&LH_Auction=1
Sony Alpha A7 III 24.2 MP Full Frame 35mm Digital Camera - Black (Body Only),1310.0,Sold  3 Nov 2020,18 bids,https://www.ebay.co.uk/itm/Sony-Alpha-A7-III-24-2-MP-Full-Frame-35mm-Digital-Camera-Black-Body-Only/184507451233?hash=item2af5804761%3Ag%3Aho0AAOSwSBpfmDW5&LH_Auction=1
Sony Alpha A7S 12.2MP Digital Camera - Black (Body Only) ,464.0,Sold  3 Nov 2020,9 bids,https://www.ebay.co.uk/itm/Sony-Alpha-A7S-12-2MP-Digital-Camera-Black-Body-Only/133560437942?epid=12027869768&hash=item1f18d28cb6%3Ag%3A%7EyAAAOSwDiZfmpdS&LH_Auction=1
Sony Alpha A7 II 2.7MP Digital Camera + Lens( see pictures) Shutter Count 1379,590.0,Sold  3 Nov 2020,6 bids,https://www.ebay.co.uk/itm/Sony-Alpha-A7-II-2-7MP-Digital-Camera-Lens-see-pictures-Shutter-Count-1379/254764365376?hash=item3b5123b640%3Ag%3A%7E7AAAOSwhKVfnSG1&LH_Auction=1
Sony Alpha A7R III 42.4MP Digital Camera - Black (Body Only),1660.0,Sold  2 Nov 2020,28 bids,https://www.ebay.co.uk/itm/Sony-Alpha-A7R-III-42-4MP-Digital-Camera-Black-Body-Only/254763890846?epid=26027889595&hash=item3b511c789e%3Ag%3A9joAAOSwwoRfnBII&LH_Auction=1
Sony Alpha A7 III 24.2 MP Full Frame 35mm Digital Camera + Sony FE 1.8/35 Lens +,1850.0,Sold  2 Nov 2020,26 bids,https://www.ebay.co.uk/itm/Sony-Alpha-A7-III-24-2-MP-Full-Frame-35mm-Digital-Camera-Sony-FE-1-8-35-Lens/324354772827?hash=item4b850d0f5b%3Ag%3AmywAAOSwIqlfnEMo&LH_Auction=1
Sony Alpha A7R III 42.4MP Digital Camera NEW FACTORY SEALED NOT GREY IMPORT,1491.0,Sold  1 Nov 2020,25 bids,https://www.ebay.co.uk/itm/Sony-Alpha-A7R-III-42-4MP-Digital-Camera-NEW-FACTORY-SEALED-NOT-GREY-IMPORT/193723964312?hash=item2d1ad91b98%3Ag%3AiC8AAOSw7kRfg19W&LH_Auction=1
Sony Alpha A7R II Digital Camera Body + 6 Batteries,599.0,Sold  1 Nov 2020,2 bids,https://www.ebay.co.uk/itm/Sony-Alpha-A7R-II-Digital-Camera-Body-6-Batteries/333765977448?hash=item4db600a568%3Ag%3AdpwAAOSw6JpfiH8D&LH_Auction=1
Sony Alpha A7R II Mirrorless Body,760.0,Sold  1 Nov 2020,6 bids,https://www.ebay.co.uk/itm/Sony-Alpha-A7R-II-Mirrorless-Body/184501419988?hash=item2af5243fd4%3Ag%3AzHUAAOSwH3FfkxXP&LH_Auction=1
Sony Camera SONY Alpha a7 III Mirrorless Digital Camera with 28-70mm Lens,1450.0,Sold  1 Nov 2020,37 bids,https://www.ebay.co.uk/itm/Sony-Camera-SONY-Alpha-a7-III-Mirrorless-Digital-Camera-with-28-70mm-Lens/402513933457?hash=item5db7b33491%3Ag%3AG-kAAOSwRk5flYXD&LH_Auction=1
Sony A7R IV Full Frame 61.0MP Digital Camera - Black (Body Only),2037.77,Sold  1 Nov 2020,25 bids,https://www.ebay.co.uk/itm/Sony-A7R-IV-Full-Frame-61-0MP-Digital-Camera-Black-Body-Only/303740207794?epid=16034411491&hash=item46b853c2b2%3Ag%3Ah%7EcAAOSwOghflUEJ&LH_Auction=1
Sony Alpha A7ii Camera Mint Condition With Ef Mount Converter 2 Extra Batteries,670.0,Sold  1 Nov 2020,17 bids,https://www.ebay.co.uk/itm/Sony-Alpha-A7ii-Camera-Mint-Condition-With-Ef-Mount-Converter-2-Extra-Batteries/254759307865?hash=item3b50d68a59%3Ag%3AR4QAAOSwqb1flcpj&LH_Auction=1
Sony A7R IV Full Frame 61.0MP Digital Camera - Black (Body Only),2250.0,Sold  1 Nov 2020,24 bids,https://www.ebay.co.uk/itm/Sony-A7R-IV-Full-Frame-61-0MP-Digital-Camera-Black-Body-Only/303740204844?epid=16034411491&hash=item46b853b72c%3Ag%3AFwYAAOSw2x5flUCB&LH_Auction=1
Sony Alpha A7 24.3MP Digital Camera - Black (Kit w/ FE 28-70mm OSS Lens),500.0,Sold  31 Oct 2020,12 bids,https://www.ebay.co.uk/itm/Sony-Alpha-A7-24-3MP-Digital-Camera-Black-Kit-w-FE-28-70mm-OSS-Lens/143804343399?epid=175240544&hash=item217b682467%3Ag%3At0MAAOSwYV5flEKC&LH_Auction=1
Sony Alpha A7 24.3MP Digital Camera - Black (Body Only),450.0,Sold  31 Oct 2020,1 bid,https://www.ebay.co.uk/itm/Sony-Alpha-A7-24-3MP-Digital-Camera-Black-Body-Only/164474578893?epid=17027888448&hash=item264b72e7cd%3Ag%3ApBkAAOSwnGlfmWgO&LH_Auction=1
sony a7r iii camera fe24-70mm f2.8 128gb lens memory card,2165.0,Sold  31 Oct 2020,25 bids,https://www.ebay.co.uk/itm/sony-a7r-iii-camera-fe24-70mm-f2-8-128gb-lens-memory-card/293797998965?hash=item4467b9b175%3Ag%3AlpgAAOSwUm5fk5nj&LH_Auction=1
Sony A7R IV Full Frame 61.0MP Digital Camera - Black,475.0,Sold  30 Oct 2020,1 bid,https://www.ebay.co.uk/itm/Sony-A7R-IV-Full-Frame-61-0MP-Digital-Camera-Black/324354822216?hash=item4b850dd048%3Ag%3A%7ENcAAOSwZ5VfnE3s&LH_Auction=1
"Sony Alpha A7S2 12.2MP Digital Camera - Black (Body Only), Great Condition ",950.0,Sold  30 Oct 2020,9 bids,https://www.ebay.co.uk/itm/Sony-Alpha-A7S2-12-2MP-Digital-Camera-Black-Body-Only-Great-Condition/324345811969?epid=12027869768&hash=item4b84845401%3Ag%3AGIoAAOSwgutfks1K&LH_Auction=1
Sony Alpha A7 III 24.2MP + 28-70 mm Zoom Lens + 28 mm F2.0 Lens,1540.0,Sold  30 Oct 2020,29 bids,https://www.ebay.co.uk/itm/Sony-Alpha-A7-III-24-2MP-28-70-mm-Zoom-Lens-28-mm-F2-0-Lens/184496503515?epid=22027888984&hash=item2af4d93adb%3Ag%3ABl4AAOSwQd9fjunr&LH_Auction=1
Sony Alpha A7 24.3MP Digital Camera - Black (Body Only) with samyang lens ,423.0,Sold  30 Oct 2020,1 bid,https://www.ebay.co.uk/itm/Sony-Alpha-A7-24-3MP-Digital-Camera-Black-Body-Only-with-samyang-lens/284056764937?hash=item42231a4209%3Ag%3AWRgAAOSw2SVfjtCw&LH_Auction=1
Sony a7 + 28mm F2.0 Lens With Original Box + 32gb Memory Card,493.0,Sold  30 Oct 2020,15 bids,https://www.ebay.co.uk/itm/Sony-a7-28mm-F2-0-Lens-With-Original-Box-32gb-Memory-Card/143802319853?hash=item217b4943ed%3Ag%3Aac0AAOSwC2tfkr7K&LH_Auction=1
*MINT* Sony Alpha A7 II (A7M2) - Black(Body Only) *SHUTTER COUNT 13 SHOTS ONLY!*,706.0,Sold  29 Oct 2020,5 bids,https://www.ebay.co.uk/itm/MINT-Sony-Alpha-A7-II-A7M2-Black-Body-Only-SHUTTER-COUNT-13-SHOTS-ONLY/184495644106?hash=item2af4cc1dca%3Ag%3AvlEAAOSw8vdfmW5-&LH_Auction=1
Sony Alpha A7R II 42MP Mirrorless Digital Camera Including Extra Accessories,870.0,Sold  29 Oct 2020,10 bids,https://www.ebay.co.uk/itm/Sony-Alpha-A7R-II-42MP-Mirrorless-Digital-Camera-Including-Extra-Accessories/224200901308?epid=1356630201&hash=item34336a42bc%3Ag%3ArZIAAOSwWFtfkJSo&LH_Auction=1
Sony Alpha A7 24.3MP Digital Camera - Black (Kit w/ FE 28-70mm OSS Lens),520.0,Sold  29 Oct 2020,20 bids,https://www.ebay.co.uk/itm/Sony-Alpha-A7-24-3MP-Digital-Camera-Black-Kit-w-FE-28-70mm-OSS-Lens/402511968120?epid=175240544&hash=item5db7953778%3Ag%3AvVQAAOSw0ltfh8k3&LH_Auction=1
"Sony A7 Body Only - (PLUS 2 x battery, battery charger, 32gb memory card)",315.55,Sold  29 Oct 2020,6 bids,https://www.ebay.co.uk/itm/Sony-A7-Body-Only-PLUS-2-x-battery-battery-charger-32gb-memory-card/274544296852?hash=item3fec1d8394%3Ag%3AsvEAAOSwpclfkbCl&LH_Auction=1
Sony Alpha A7 II 2.7MP Digital Camera + Lens( see pictures) Shutter Count 1059,954.0,Sold  29 Oct 2020,7 bids,https://www.ebay.co.uk/itm/Sony-Alpha-A7-II-2-7MP-Digital-Camera-Lens-see-pictures-Shutter-Count-1059/254759935836?hash=item3b50e01f5c%3Ag%3AlKgAAOSwVrNflsg7&LH_Auction=1
Sony Alpha A7 24.3MP Digital Camera - Black (Body Only) (comes With 3 Batteries),320.0,Sold  28 Oct 2020,4 bids,https://www.ebay.co.uk/itm/Sony-Alpha-A7-24-3MP-Digital-Camera-Black-Body-Only-comes-With-3-Batteries/124407247510?hash=item1cf73ff296%3Ag%3AtTkAAOSwRkVfleBU&LH_Auction=1
Sony Alpha 7 24.3MP Digital Camera - Black (Kit w/ FE 28-70mm OSS Lens),667.0,Sold  28 Oct 2020,17 bids,https://www.ebay.co.uk/itm/Sony-Alpha-7-24-3MP-Digital-Camera-Black-Kit-w-FE-28-70mm-OSS-Lens/274543106646?epid=175240544&hash=item3fec0b5a56%3Ag%3AFkEAAOSw2txfkHLa&LH_Auction=1
Sony Alpha A7 24.3MP Digital Camera - Body only extra batteries and charger,390.0,Sold  28 Oct 2020,5 bids,https://www.ebay.co.uk/itm/Sony-Alpha-A7-24-3MP-Digital-Camera-Body-only-extra-batteries-and-charger/233753269477?epid=17027888448&hash=item366cc7d4e5%3Ag%3AQwIAAOSwFwhfkGLL&LH_Auction=1
Sony A7s plus Metabones EF adaptor,500.0,Sold  28 Oct 2020,1 bid,https://www.ebay.co.uk/itm/Sony-A7s-plus-Metabones-EF-adaptor/254755430195?hash=item3b509b5f33%3Ag%3AROgAAOSwN5pfkFUX&LH_Auction=1
SONY A7 Mirrorless Digital Camera / 85mm 1.8 LENS / GODOX Flash. Inc Accessories,556.0,Sold  28 Oct 2020,6 bids,https://www.ebay.co.uk/itm/SONY-A7-Mirrorless-Digital-Camera-85mm-1-8-LENS-GODOX-Flash-Inc-Accessories/264912155357?hash=item3dadfeb2dd%3Ag%3AKpYAAOSwPGBflVnR&LH_Auction=1
Sony Alpha A7rii  Body Only with low shutter  (Please read fully before bidding),797.0,Sold  28 Oct 2020,18 bids,https://www.ebay.co.uk/itm/Sony-Alpha-A7rii-Body-Only-with-low-shutter-Please-read-fully-before-bidding/174488328872?hash=item28a0509aa8%3Ag%3AZfMAAOSwJHFfkAlB&LH_Auction=1
Sony Alpha A7sii shooting kit,1358.0,Sold  27 Oct 2020,51 bids,https://www.ebay.co.uk/itm/Sony-Alpha-A7sii-shooting-kit/114473685564?hash=item1aa729d23c%3Ag%3AlF0AAOSwBCtfjvBx&LH_Auction=1
Sony Alpha A7S 12.2MP Digital Camera Black + 64GB SD Card EXCELLENT CONDITION,596.0,Sold  27 Oct 2020,14 bids,https://www.ebay.co.uk/itm/Sony-Alpha-A7S-12-2MP-Digital-Camera-Black-64GB-SD-Card-EXCELLENT-CONDITION/324341848052?hash=item4b8447d7f4%3Ag%3AOUcAAOSwk-Bfjwcr&LH_Auction=1
Sony Alpha A7 24.3MP  - Black (Body Only) | 5303 Shutter Count + Box,358.36,Sold  27 Oct 2020,34 bids,https://www.ebay.co.uk/itm/Sony-Alpha-A7-24-3MP-Black-Body-Only-5303-Shutter-Count-Box/284051770658?hash=item4222ce0d22%3Ag%3AP%7EgAAOSwX59fjvAZ&LH_Auction=1
Sony Alpha A7 II 24.3MP Digital Camera - Black (Body Only),364.0,Sold  27 Oct 2020,9 bids,https://www.ebay.co.uk/itm/Sony-Alpha-A7-II-24-3MP-Digital-Camera-Black-Body-Only/264906704129?epid=14027883825&hash=item3dadab8501%3Ag%3AWFoAAOSwJj5fjxgA&LH_Auction=1
"Sony Alpha A7sii (Body Only) Black, Good Condition, box, charger & battery inc.",952.56,Sold  26 Oct 2020,3 bids,https://www.ebay.co.uk/itm/Sony-Alpha-A7sii-Body-Only-Black-Good-Condition-box-charger-battery-inc/264905747937?hash=item3dad9cede1%3Ag%3AOb4AAOSwzV5fjf6f&LH_Auction=1
Sony Alpha A7 III 24.2MP Digital Camera - Black (Kit with 28-70 mm Zoom Lens),1461.0,Sold  26 Oct 2020,16 bids,https://www.ebay.co.uk/itm/Sony-Alpha-A7-III-24-2MP-Digital-Camera-Black-Kit-with-28-70-mm-Zoom-Lens/114481985087?hash=item1aa7a8763f%3Ag%3AqYwAAOSw7HlflXco&LH_Auction=1
Sony Alpha A7 III 24.2MP Mirrorless Digital Camera - 6949 Shutter,1280.0,Sold  26 Oct 2020,54 bids,https://www.ebay.co.uk/itm/Sony-Alpha-A7-III-24-2MP-Mirrorless-Digital-Camera-6949-Shutter/254753705532?epid=22027888984&hash=item3b50810e3c%3Ag%3ALMkAAOSwoAlfjd-K&LH_Auction=1
DAMAGED SONY ALPHA A7 III 24.2MP CAMERA BODY ILCE-7M3 - PARTS ONLY (RN4994),799.0,Sold  26 Oct 2020,49 bids,https://www.ebay.co.uk/itm/DAMAGED-SONY-ALPHA-A7-III-24-2MP-CAMERA-BODY-ILCE-7M3-PARTS-ONLY-RN4994/333757065746?epid=25031179622&hash=item4db578aa12%3Ag%3AKO0AAOSw3eFfiAZg&LH_Auction=1
"Sony Alpha A7 II 24.3MP Digital Camera, with Sony battery grip and more!!!",722.0,Sold  26 Oct 2020,20 bids,https://www.ebay.co.uk/itm/Sony-Alpha-A7-II-24-3MP-Digital-Camera-with-Sony-battery-grip-and-more/174485899451?hash=item28a02b88bb%3Ag%3AwREAAOSwsblfjZG9&LH_Auction=1
Sony Alpha a7S II Mirrorless Digital Camera Body + add batteries + cam case/bag,1000.0,Sold  25 Oct 2020,2 bids,https://www.ebay.co.uk/itm/Sony-Alpha-a7S-II-Mirrorless-Digital-Camera-Body-add-batteries-cam-case-bag/284049983050?hash=item4222b2c64a%3Ag%3A7kgAAOSwBxpfjK%7EM&LH_Auction=1
Sony Alpha A7 Mirrorless Digital Camera Body BOXED - NEVER USED,520.0,Sold  25 Oct 2020,30 bids,https://www.ebay.co.uk/itm/Sony-Alpha-A7-Mirrorless-Digital-Camera-Body-BOXED-NEVER-USED/174485214986?epid=17027888448&hash=item28a021170a%3Ag%3AAHwAAOSwDO5fVNSr&LH_Auction=1
"SONY A7R camera body, not working - won't turn on | Alpha 7 R ILCE-7R full-frame",142.0,Sold  25 Oct 2020,34 bids,https://www.ebay.co.uk/itm/SONY-A7R-camera-body-not-working-wont-turn-on-Alpha-7-R-ILCE-7R-full-frame/154143522827?hash=item23e3ab800b%3Ag%3As-QAAOSwCKdfiD6I&LH_Auction=1
Sony Alpha A7 III 24.2 MP Digital Camera - Black (Body Only),1240.0,Sold  25 Oct 2020,6 bids,https://www.ebay.co.uk/itm/Sony-Alpha-A7-III-24-2-MP-Digital-Camera-Black-Body-Only/193714784141?epid=4033519120&hash=item2d1a4d078d%3Ag%3AaVIAAOSwLJxfg1df&LH_Auction=1
Sony Alpha A7 24.3MP Digital Camera - Black (Body Only),410.0,Sold  25 Oct 2020,21 bids,https://www.ebay.co.uk/itm/Sony-Alpha-A7-24-3MP-Digital-Camera-Black-Body-Only/224199149636?epid=17027888448&hash=item34334f8844%3Ag%3Ac6wAAOSwht9fjDXn&LH_Auction=1
Sony Alpha 7 24.3MP Digital Camera - Black (Kit w/ FE 28-70mm OSS Lens),600.0,Sold  25 Oct 2020,7 bids,https://www.ebay.co.uk/itm/Sony-Alpha-7-24-3MP-Digital-Camera-Black-Kit-w-FE-28-70mm-OSS-Lens/224199218658?epid=175240544&hash=item34335095e2%3Ag%3AXNkAAOSwcFRfjEP2&LH_Auction=1
Sony ILCE7M3/B Alpha A7 III Mirrorless Digital Camera Body Only,1280.0,Sold  25 Oct 2020,13 bids,https://www.ebay.co.uk/itm/Sony-ILCE7M3-B-Alpha-A7-III-Mirrorless-Digital-Camera-Body-Only/114464043766?epid=28026657207&hash=item1aa696b2f6%3Ag%3A6qoAAOSwjJZfiABq&LH_Auction=1
Sony ILCE7M3/B Alpha A7 III Mirrorless Digital Camera Body Only,1270.0,Sold  25 Oct 2020,8 bids,https://www.ebay.co.uk/itm/Sony-ILCE7M3-B-Alpha-A7-III-Mirrorless-Digital-Camera-Body-Only/114464028237?epid=28026657207&hash=item1aa696764d%3Ag%3AvPAAAOSwS5lfh%7E3z&LH_Auction=1
Sony A7ii mk2 Mirrorless Camera body -low6k shutter count full frame photo video,560.0,Sold  25 Oct 2020,5 bids,https://www.ebay.co.uk/itm/Sony-A7ii-mk2-Mirrorless-Camera-body-low6k-shutter-count-full-frame-photo-video/143793906291?hash=item217ac8e273%3Ag%3AQW0AAOSw6kZfielu&LH_Auction=1
Sony a7s ii  condition (very minimal use),971.0,Sold  25 Oct 2020,5 bids,https://www.ebay.co.uk/itm/Sony-a7s-ii-condition-very-minimal-use/353242224132?hash=item523ee09604%3Ag%3AHfoAAOSwMZhfjDV2&LH_Auction=1
Sony ILCE7M3/B Alpha A7 III Mirrorless Digital Camera Body Only - Excellent Cond,1000.0,Sold  24 Oct 2020,1 bid,https://www.ebay.co.uk/itm/Sony-ILCE7M3-B-Alpha-A7-III-Mirrorless-Digital-Camera-Body-Only-Excellent-Cond/133556070137?epid=28026657207&hash=item1f188fe6f9%3Ag%3AcHcAAOSw9IZflCNa&LH_Auction=1
Sony Alpha A7R II Mirrorless Body w/ 6 Batteries and Extras Excellent Condition!,905.0,Sold  24 Oct 2020,34 bids,https://www.ebay.co.uk/itm/Sony-Alpha-A7R-II-Mirrorless-Body-w-6-Batteries-and-Extras-Excellent-Condition/224198190023?hash=item343340e3c7%3Ag%3Af4QAAOSw1zVfixDq&LH_Auction=1
Sony A7 Body + FE 28-70MM Lens + Sigma 50mm f/1.4 DG + Camera Bag ,821.0,Sold  24 Oct 2020,2 bids,https://www.ebay.co.uk/itm/Sony-A7-Body-FE-28-70MM-Lens-Sigma-50mm-f-1-4-DG-Camera-Bag/333757087303?hash=item4db578fe47%3Ag%3A1T4AAOSwlK1fez%7Ee&LH_Auction=1
SONY ALPHA A7 III 4k Mirrorless Camera + 28-70mm zoom lens *MINT* Only 557 Shots,1800.0,Sold  24 Oct 2020,1 bid,https://www.ebay.co.uk/itm/SONY-ALPHA-A7-III-4k-Mirrorless-Camera-28-70mm-zoom-lens-MINT-Only-557-Shots/373292825795?hash=item56e9fc7cc3%3Ag%3A5W0AAOSwEnJfjsu4&LH_Auction=1
"Sony Alpha A7 Mark II Mirrorless Camera, 24.3 MP + FE 28-70mm F3.5-5.6 OSS Len ",980.0,Sold  23 Oct 2020,10 bids,https://www.ebay.co.uk/itm/Sony-Alpha-A7-Mark-II-Mirrorless-Camera-24-3-MP-FE-28-70mm-F3-5-5-6-OSS-Len/143790750384?hash=item217a98bab0%3Ag%3AqikAAOSws5Zfibi3&LH_Auction=1
BRAND NEW IN BOX Sony Alpha A7 III 24.2MP Digital Camera with kit lens.,1518.0,Sold  22 Oct 2020,9 bids,https://www.ebay.co.uk/itm/BRAND-NEW-IN-BOX-Sony-Alpha-A7-III-24-2MP-Digital-Camera-with-kit-lens/353243870152?epid=22027888984&hash=item523ef9b3c8%3Ag%3AGvoAAOSwyfpfjcvR&LH_Auction=1
SONY a7 full-frame DSLR Camera Kit w/ FE 28-70mm Lens + equipment bundle ,605.0,Sold  22 Oct 2020,1 bid,https://www.ebay.co.uk/itm/SONY-a7-full-frame-DSLR-Camera-Kit-w-FE-28-70mm-Lens-equipment-bundle/264897108814?hash=item3dad191b4e%3Ag%3AgQgAAOSwlK1fhKFE&LH_Auction=1
"Sony Alpha A7S2 12.2MP Digital Camera - Black (Body Only), Great Condition ",920.0,Sold  22 Oct 2020,7 bids,https://www.ebay.co.uk/itm/Sony-Alpha-A7S2-12-2MP-Digital-Camera-Black-Body-Only-Great-Condition/324335321132?epid=12027869768&hash=item4b83e4402c%3Ag%3AoWwAAOSwLc9fiIcc&LH_Auction=1
Sony Alpha A7R II Digital Camera Body + 6 Batteries,649.0,Sold  22 Oct 2020,2 bids,https://www.ebay.co.uk/itm/Sony-Alpha-A7R-II-Digital-Camera-Body-6-Batteries/333755119035?hash=item4db55af5bb%3Ag%3AdpwAAOSw6JpfiH8D&LH_Auction=1
Sony Alpha A7 III 24.0MP Digital Camera + VG- C3EM Vertical grip,1339.0,Sold  22 Oct 2020,10 bids,https://www.ebay.co.uk/itm/Sony-Alpha-A7-III-24-0MP-Digital-Camera-VG-C3EM-Vertical-grip/254755474673?epid=25031179622&hash=item3b509c0cf1%3Ag%3A3T4AAOSwxt1fh7Xa&LH_Auction=1
